<?xml version="1.0" encoding="utf-8"?>
<rss version="2.0" xmlns:sparkle="http://www.andymatuschak.org/xml-namespaces/sparkle"  xmlns:dc="http://purl.org/dc/elements/1.1/">
  <channel>
    <title>AEFlowchart</title>
    <link>https://github.com/tadija/AEFlowchart</link>
    <description>Sketch plugin for fast and convenient creation of flowcharts</description>
    <language>en</language>
      <item>
        <title>Version 2.2.0</title>
        <description>
          <![CDATA[
            <ul>
              <li>Minor update v2.2.0</li>
            </ul>
          ]]>
        </description>
        <enclosure url="https://github.com/tadija/AEFlowchart/archive/2.2.0.zip" sparkle:version="2.2.0" />
      </item>
      <item>
        <title>Version 2.2.1</title>
        <description>
          <![CDATA[
            <ul>
              <li>Minor fix for Sketch 45</li>
            </ul>
          ]]>
        </description>
        <enclosure url="https://github.com/tadija/AEFlowchart/archive/2.2.1.zip" sparkle:version="2.2.1" />
      </item>
      <item>
        <title>Version 2.2.2</title>
        <description>
          <![CDATA[
            <ul>
              <li>Fixed crash for Sketch 48</li>
            </ul>
          ]]>
        </description>
        <enclosure url="https://github.com/tadija/AEFlowchart/archive/2.2.2.zip" sparkle:version="2.2.2" />
      </item>
      <item>
        <title>Version 2.2.3</title>
        <description>
          <![CDATA[
            <ul>
              <li>Fixed for Sketch 50</li>
            </ul>
          ]]>
        </description>
        <enclosure url="https://github.com/tadija/AEFlowchart/archive/2.2.3.zip" sparkle:version="2.2.3" />
      </item>
  </channel>
</rss>
